SequenceID,Sequence,Activity,Selectivity
1,RAQLSQ,1,1
2,AAQLSQ,3.228,1.837
3,CAQLSQ,2.17,2.445
4,DAQLSQ,1.759,1.061
5,EAQLSQ,1.531,1.032
6,FAQLSQ,1.524,0.836
7,GAQLSQ,1.05,0.615
8,HAQLSQ,0.939,1.319
9,IAQLSQ,0.984,2.494
10,KAQLSQ,2.541,1.076
11,LAQLSQ,3.351,2.324
12,MAQLSQ,1.45,2.405
13,NAQLSQ,2.417,1.041
14,PAQLSQ,2.451,1.502
15,QAQLSQ,0.67,1.17
16,SAQLSQ,1.439,0.773
17,TAQLSQ,2.533,1.594
18,VAQLSQ,0.327,1.661
19,WAQLSQ,1.241,0.579
20,YAQLSQ,1.627,0.632
21,RFQLSQ,0.533,1.65
22,RGQLSQ,0.038,2.158
23,RLQLSQ,0.11,8.816
24,RMQLSQ,0.751,6.333
25,RNQLSQ,0.034,4.533
26,RPQLSQ,0.283,2.19
27,RRQLSQ,0.081,4.575
28,RSQLSQ,0.425,2.661
29,RTQLSQ,0.534,2.662
30,RVQLSQ,0.467,1.154
31,RYQLSQ,0.072,4.654
32,RAALSQ,1.508,1.237
33,RACLSQ,1.224,1.167
34,RADLSQ,0.476,0.678
35,RAELSQ,0.693,0.685
36,RAFLSQ,0.506,0.652
37,RAGLSQ,0.609,0.835
38,RAHLSQ,0.765,1.387
39,RALLSQ,1.33,0.914
40,RANLSQ,0.059,2.421
41,RAPLSQ,0.074,2.096
42,RARLSQ,1.595,2.791
43,RASLSQ,0.13,1.498
44,RATLSQ,1.752,1.494
45,RAVLSQ,1.558,1.919
46,RAWLSQ,0.534,0.727
47,RAYLSQ,1.74,2.471
48,RAQASQ,3.068,1.104
49,RAQCSQ,2.773,0.923
50,RAQDSQ,2.385,0.888
51,RAQESQ,2.346,0.804
52,RAQFSQ,1.549,0.45
53,RAQGSQ,0.803,0.509
54,RAQHSQ,1.629,0.755
55,RAQISQ,3.24,0.95
56,RAQKSQ,2.792,1.05
57,RAQNSQ,0.578,0.785
58,RAQPSQ,0.168,0.777
59,RAQQSQ,2.375,0.895
60,RAQRSQ,1.386,1.087
61,RAQTSQ,3.035,0.813
62,RAQVSQ,2.606,0.986
63,RAQWSQ,1.206,0.385
64,RAQYSQ,1.307,0.475
65,RAQLAQ,2.679,2.763
66,RAQLCQ,2.421,2.323
67,RAQLDQ,0.07,2.881
68,RAQLEQ,0.114,1.958
69,RAQLFQ,1.152,1.383
70,RAQLGQ,0.832,0.722
71,RAQLHQ,1.006,1.155
72,RAQLKQ,2.78,2.724
73,RAQLLQ,1.842,3.119
74,RAQLMQ,0.053,4.263
75,RAQLNQ,0.693,1.095
76,RAQLPQ,0.158,1.65
77,RAQLQQ,1.323,1.179
78,RAQLRQ,1.619,2.293
79,RAQLTQ,1.8,1.455
80,RAQLVQ,1.676,1.097
81,RAQLWQ,0.166,1.437
82,RAQLYQ,0.588,0.969
83,RAQLSA,3.072,1.102
84,RAQLSC,1.114,0.682
85,RAQLSD,1.391,0.767
86,RAQLSE,0.745,0.642
87,RAQLSF,0.712,0.546
88,RAQLSG,1.097,0.709
89,RAQLSH,0.981,0.982
90,RAQLSI,1.08,0.588
91,RAQLSK,2.435,1.433
92,RAQLSL,1.59,0.793
93,RAQLSM,0.089,1.327
94,RAQLSN,2.122,1.124
95,RAQLSP,0.726,1.566
96,RAQLSR,1.786,1.432
97,RAQLSS,1.655,0.878
98,RAQLST,1.191,0.801
99,RAQLSV,0.146,1.011
100,RAQLSW,0.599,0.452
101,RAQLSY,1.419,0.89
102,QAQKRQ,0.497,3.469
103,HAQKRQ,0.477,2.424
104,AAQKRQ,0.429,3.799
105,QAQKKQ,0.597,3.387
106,RAQKRQ,0.588,2.142
107,QAQRRQ,0.412,2.57
108,QAQKCQ,0.754,3.182
109,QAQKLQ,0.465,3.495
110,KAQKRQ,0.588,2.472
111,HAQKCQ,0.677,1.865
112,HAQKLQ,0.64,2.935
113,QAQARQ,0.51,1.79
114,TAQKRQ,0.351,3.616
115,CAQKRQ,0.314,4.07
116,HAQARQ,0.568,2.116
117,NAQKRQ,0.567,3.056
118,QAQKAQ,0.699,2.963
119,QAQQRQ,0.78,2.285
120,AAQKKQ,0.617,3.886
121,HAQQRQ,0.46,1.73
122,HAQKAQ,0.609,2.828
123,AAQKCQ,0.492,3.345
124,QAQERQ,0.884,2.585
125,AAQKLQ,0.29,3.99
126,QAQRKQ,0.649,3.374
127,QAQDRQ,0.438,1.863
128,RAQKLQ,0.514,2.91
129,RAQKKQ,0.494,2.079
130,QAQRCQ,0.54,2.038
131,AAQARQ,0.311,3.212
132,PAQKRQ,0.407,3.345
133,KAQKKQ,0.322,2.874
134,RAQKCQ,0.534,1.452
135,KAQKLQ,0.35,3.292
136,TAQKKQ,1.035,2.446
137,HAQRCQ,0.919,1.931
138,KAQKCQ,0.56,1.861
139,HAQRLQ,0.408,2.865
140,TAQKCQ,0.762,2.821
141,HAQAKQ,0.515,3.242
142,CAQKKQ,0.176,3.87
143,AAQKAQ,0.508,3.63
144,QAQALQ,0.448,3.092
145,TAQKLQ,0.373,3.902
146,NAQKKQ,0.42,3.403
147,QAQKSQ,0.539,2.695
148,QAQNRQ,0.451,2.379
149,KAQARQ,0.568,2.537
150,CAQKLQ,0.166,3.966
151,SAQKRQ,0.315,3.707
152,CAQKCQ,0.373,4.655
153,HAQACQ,1.325,2.106
154,NAQKLQ,0.82,3.905
155,MAQKCQ,0.125,3.821
156,NAQKCQ,0.641,1.997
157,HAQALQ,0.469,3.477
158,TAQARQ,0.676,2.98
159,QAQRAQ,0.032,1.877
160,RAQKAQ,0.775,1.318
161,HAQKSQ,1.372,1.471
162,HAQNRQ,0.302,1.374
163,CAQARQ,0.537,2.536
164,RAQQRQ,0.026,2.132
165,QAQQCQ,1.274,2.242
166,QAQQLQ,0.331,3.589
167,KAQKAQ,0.959,2.32
168,NAQARQ,0.579,3.164
169,HAQRAQ,0.478,2.373
170,KAQQRQ,1.156,2.247
171,QAQAAQ,0.532,2.89
172,AAQDRQ,0.473,3.505
173,HAQQLQ,0.615,3.414
174,TAQQRQ,0.404,3.487
175,QAQEKQ,0.745,2.231
176,TAQKAQ,0.943,3.445
177,CAQQRQ,0.512,4.489
178,QAQELQ,0.429,3.374
179,QAQECQ,0.683,1.681
180,NAQKAQ,0.564,2.445
181,LAQKRQ,0.371,4.405
182,NAQQRQ,0.974,2.613
183,AAQACQ,0.691,2.9
184,QAQDLQ,0.806,3.445
185,QAQDCQ,0.669,0.843
186,AAQKSQ,1.074,2.476
187,QAQQAQ,0.502,2.718
188,TAQERQ,0.41,2.876
189,AAQNRQ,0.441,2.424
190,HAQECQ,0.21,0.708
191,PAQKCQ,0.761,3.426
192,KAQRCQ,0.399,1.084
193,HAQDLQ,0.622,2.114
194,RAQALQ,0.658,2.397
195,TAQRCQ,0.418,2.483
196,MAQERQ,0.199,3.633
197,NAQERQ,0.55,1.891
198,PAQARQ,0.556,3.315
199,TAQRLQ,0.423,3.484
200,QAQEAQ,0.559,2.583
201,SAQKKQ,0.346,3.567
202,IAQKCQ,0.266,3.877
203,CAQDRQ,0.287,3.865
204,QAQRSQ,0.438,1.947
205,QAQNLQ,0.632,2.98
206,NAQDRQ,0.552,2.014
207,KAQACQ,0.656,0.887
208,QAQDAQ,0.681,2.17
209,NAQRCQ,0.653,1.53
210,QAQNCQ,0.642,1.99
211,AAQAAQ,0.452,3.116
212,TAQACQ,0.687,2.737
213,IAQARQ,0.163,3.507
214,PAQKAQ,0.4,3.204
215,HAQNLQ,0.623,2.695
216,PAQQRQ,0.675,3.246
217,SAQARQ,0.364,3.184
218,KAQNRQ,0.914,2.076
219,AAQECQ,0.676,1.932
220,CAQALQ,0.128,3.442
221,AAQELQ,0.393,3.895
222,NAQACQ,0.885,1.679
223,HAQDAQ,0.811,2.238
224,CAQACQ,0.267,4.335
225,NAQALQ,0.388,3.526
226,RAQQLQ,0.73,3.019
227,HAQNCQ,0.695,2.074
228,KAQQLQ,0.534,3.169
229,TAQRAQ,0.368,3.296
230,AAQDLQ,0.568,3.533
231,TAQQCQ,0.524,3.052
232,KAQKSQ,0.56,1.103
233,QAQTRQ,0.525,2.933
234,SAQKAQ,0.417,3.418
235,MAQRAQ,0.165,3.418
236,NAQQLQ,0.344,3.36
237,MAQQCQ,0.234,4.025
238,NAQQCQ,0.461,1.966
239,LAQKCQ,0.394,4.098
240,AAQRSQ,0.549,2.977
241,PAQDRQ,0.723,2.873
242,TAQELQ,0.523,3.788
243,QAQKMQ,1.242,3.501
244,PAQRCQ,0.593,2.968
245,TAQECQ,0.58,1.007
246,IAQERQ,0.405,4.368
247,AAQNLQ,0.503,3.83
248,AAQNCQ,0.579,3.015
249,QAQCRQ,0.494,3.146
250,RAQDLQ,0.579,2.614
251,KAQDLQ,0.776,2.63
252,TAQDLQ,0.505,3.597
253,TAQQAQ,0.534,3.344
254,KAQECQ,1.046,1.285
255,NAQELQ,0.523,3.227
256,HAQKMQ,0.488,3.378
257,IAQRCQ,0.286,3.984
258,SAQERQ,0.433,3.445
259,RAQECQ,0.685,0.969
260,IAQRLQ,0.272,4.436
261,NAQECQ,0.824,1.515
262,NAQQAQ,0.523,2.789
263,NAQDLQ,0.647,3.036
264,IAQAKQ,0.125,3.204
265,SAQRLQ,0.291,3.759
266,QAQESQ,0.657,1.197
267,PAQNRQ,0.543,2.967
268,QAQDSQ,0.407,1.052
269,IAQALQ,0.21,3.904
270,IAQACQ,0.219,3.712
271,TAQNLQ,0.455,3.673
272,KAQNKQ,0.466,1.101
273,NAQEAQ,0.55,2.504
274,TAQASQ,0.486,2.201
275,MAQEAQ,0.227,3.492
276,KAQNCQ,0.508,1.555
277,AAQKMQ,0.405,3.407
278,DAQKRQ,0.239,3.15
279,NAQNCQ,0.836,1.251
280,QAQTCQ,0.737,1.381
281,LAQRCQ,0.321,4.011
282,QAQKVQ,0.319,2.68
283,QAQNSQ,0.334,1.051
284,PAQECQ,0.506,1.809
285,LAQALQ,0.186,3.867
286,LAQACQ,0.343,4.04
287,QAQHLQ,0.529,2.386
288,HAQKVQ,0.411,2.539
289,SAQDLQ,0.543,3.003
290,TAQHRQ,0.51,1.185
291,EAQKLQ,0.244,3.705
292,LAQQLQ,0.295,4.068
293,PAQNLQ,0.467,3.712
294,QAQCAQ,0.788,2.391
295,AAQTLQ,0.449,3.814
296,AAQATQ,0.873,2.91
297,PAQNCQ,1.178,3.316
298,VAQKRQ,0.279,3.363
299,TAQESQ,1.264,1.407
300,SAQEAQ,0.892,2.655
301,AAQCLQ,0.733,3.223
302,QAQIRQ,0.541,3.253
303,EAQKAQ,0.499,3.328
304,AAQHLQ,0.839,3.303
305,QAQRVQ,0.659,2.886
306,LAQDCQ,0.434,3.833
307,WAQKRQ,0.327,3.165
308,QAQRIQ,0.419,2.753
309,KAQTLQ,1.034,3.202
310,MAQESQ,0.36,3.696
311,KAQDSQ,0.536,0.86
312,TAQNSQ,0.859,0.803
313,KAQKVQ,0.508,2.263
314,TAQAMQ,0.433,3.534
315,GAQKKQ,0.488,3.539
316,GAQKLQ,0.466,3.493
317,KAQHLQ,0.673,3.131
318,NAQCLQ,0.654,3.433
319,AAQRVQ,0.366,3.054
320,NAQAMQ,0.437,3.152
321,VAQKCQ,0.32,3.856
322,LAQASQ,0.369,3.824
323,TAQQMQ,0.629,3.494
324,PAQRTQ,0.681,3.178
325,TAQETQ,1.276,3.013
326,GAQKAQ,0.565,2.961
327,WAQKLQ,0.364,2.639
328,PAQKVQ,0.34,2.986
329,NAQETQ,0.719,2.136
330,EAQQAQ,0.703,2.674
331,CAQETQ,0.481,4.011
332,QAQCSQ,0.709,1.741
333,RAQRVQ,0.749,2.093
334,WAQKAQ,0.345,2.78
335,DAQDLQ,0.526,2.993
336,EAQEAQ,0.662,2.708
337,CAQAQQ,0.436,2.862
338,HAQKFQ,0.294,2.146
339,HAQSCQ,1.073,2.01
340,LAQATQ,0.46,3.898
341,PAQETQ,0.838,2.239
342,AAQCSQ,0.673,2.449
343,EAQASQ,0.319,2.083
344,QAQEHQ,0.25,1.277
345,GAQQAQ,0.489,2.66
346,VAQELQ,0.36,4.441
347,HAQKPQ,0.061,0.966
348,MAQEVQ,0.187,3.031
349,KAQSLQ,0.533,2.898
350,IAQSRQ,0.4,3.804
351,AAQVSQ,0.514,3.06
352,QAQRPQ,0.051,1.192
353,MMQQRQ,0.079,2.528
354,PAQNVQ,0.746,2.426
355,RAQKPQ,0.041,1.456
356,TAQHQQ,0.448,1.128
357,MAQEGQ,0.32,2.912
358,QAQREQ,0.037,1.625
359,FAQAVQ,0.404,2.104
360,PAQAWQ,0.06,1.406
361,KAQGMQ,0.733,1.248
362,YAQAFQ,0.377,0.85
363,TAQMVQ,0.598,1.975
364,LAQHPQ,0.12,0.711
365,FAQTFQ,0.119,1.067
366,ELQDRQ,0.071,3.624
367,KLQKIQ,0.056,2.491
368,SGQQAQ,0.185,1.068
369,FMQEGQ,0.139,2.424
370,LWQERQ,0.05,2.893
371,NCQSAQ,0.627,1.987
372,IVQKWQ,0.033,1.807
373,HLQCQQ,0.036,2.789
374,CIQNFQ,0.232,3.663
375,FLQAVQ,0.037,2.73
376,TFQITQ,0.045,2.509
377,NVQSSQ,0.119,1.041
378,VMQHNQ,0.384,3.578
379,CNQDAQ,0.038,2.432
380,NIQQEQ,0.049,2.21
381,IGQNVQ,0.277,1.56
382,VAQSEQ,0.078,1.267
383,HMQPGQ,0.044,2.013
384,ETQQHQ,0.071,1.64
385,AIQTEQ,0.045,1.981
386,KHQRLQ,0.049,2.368
387,MCQCVQ,0.31,3.317
388,NKQHKQ,0.041,2.1
389,PQQKHQ,0.165,4.079
390,DSQKNQ,0.079,1.646
391,IQQSAQ,0.122,3.876
392,GIQAYQ,0.061,2.548
393,KIQVGQ,0.051,1.792
394,LKQRQQ,0.038,1.911
395,SYQKHQ,0.049,2.712
396,EVQEEQ,0.043,1.945
397,SQQKGQ,0.084,3.474
398,PNQHCQ,0.067,2.869
399,FIQFRQ,0.107,2.143
400,LNQHKQ,0.111,4.085
401,EYQQVQ,0.047,2.43
402,TTQWSQ,0.039,2.064
403,VWQESQ,0.05,2.832
404,CFQYQQ,0.04,2.06
405,FHQQCQ,0.055,2.708
406,CLQCDQ,0.041,2.076
407,MDQHRQ,0.042,2.056
408,NIQPQQ,0.043,2.284
409,ISQTEQ,0.042,1.806
410,KPQNPQ,0.041,2.319
411,WRQCLQ,0.043,2.272
412,DSQWKQ,0.13,1.446
413,ELQHWQ,0.045,2.137
414,RRQRGQ,0.035,1.912
415,LKQKWQ,0.038,2.263
416,MHQVKQ,0.045,2.44
417,QSQPQQ,0.042,2.162
418,VTQGSQ,0.231,2.83
419,PNQHVQ,0.051,1.993
420,SLQVDQ,0.041,2.115
421,DRQQGQ,0.044,2.217
422,LQQPRQ,0.126,3.347
423,RMQLWQ,0.058,2.255
424,HGQPMQ,0.083,1.451
425,YVQVYQ,0.054,1.627
426,TEQSQQ,0.048,2.057
427,GKQNSQ,0.042,2.015
428,WGQQDQ,0.048,2.318
429,PPQVGQ,0.041,2.273
430,SSQSEQ,0.043,1.984
431,DRQYLQ,0.036,2.03
432,TLQYDQ,0.044,2.108
433,WKQANQ,0.035,2.035
434,DDQQVQ,0.047,2.034
435,DQQSQQ,0.054,2.679
436,LNQQEQ,0.038,2.093
437,SWQSNQ,0.127,4.565
438,GGQIQQ,0.058,1.502
439,YFQMFQ,0.039,2.307
440,RKQDWQ,0.043,2.196
441,IYQVGQ,0.085,3.423
442,WNQTVQ,0.055,2.213
443,HWQMGQ,0.063,2.885
444,HYQVEQ,0.037,1.938
445,RKQPRQ,0.045,1.932
446,EHQNGQ,0.038,2.265
447,DKQTWQ,0.053,1.832
448,LGQYFQ,0.058,1.488
449,GTQGDQ,0.044,1.976
450,EQQWTQ,0.047,2.169
451,FCQPIQ,0.044,2.063
452,CPQLTQ,0.04,2.021
453,GKQTYQ,0.039,2.023
454,INQMSQ,0.045,2.694
455,RGQFFQ,0.041,1.978
456,VKQGHQ,0.04,1.964
457,KWQFPQ,0.035,2.071
458,QDQIYQ,0.061,2.054
459,YKQMMQ,0.04,2.139
460,IDQGSQ,0.04,1.98
461,GIQLGQ,0.053,1.883
462,LWQPWQ,0.044,2.107
463,YPQIEQ,0.044,2.082
464,WCQPGQ,0.041,1.92
465,MRQWEQ,0.044,2.148
466,FDQLLQ,0.051,1.814
467,WEQYVQ,0.041,2.161
468,VNQPQQ,0.04,1.918
469,YHQWFQ,0.046,2.044
470,RDQSDQ,0.042,2.037
471,VNQPYQ,0.039,2.077
472,GNQLSQ,0.042,2.089
473,AAQKTQ,0.667,2.533
474,AAQCTQ,1.405,2.916
475,AAQQLQ,0.737,4.055
476,PAQQTQ,1.056,1.206
477,TAQQTQ,2.133,2.934
478,TAQKTQ,0.794,3.253
479,PAQKTQ,1.402,1.88
480,PAQCTQ,1.513,2.401
481,PAQQLQ,0.949,3.117
482,AAQETQ,1.112,1.192
483,AAQDTQ,1.563,2.703
484,TAQCTQ,1.195,0.82
485,PAQTTQ,1.402,1.796
486,TAQQLQ,0.736,3.611
487,PAQCLQ,1.19,4.401
488,AAQNTQ,1.111,1.267
489,AAQQMQ,0.714,2.594
490,AAQQAQ,0.983,3.492
491,PAQNTQ,2.042,2.723
492,PAQKLQ,0.658,3.442
493,PAQTLQ,1.187,3.532
494,TAQTTQ,1.139,0.878
495,TAQCLQ,0.823,2.945
496,AAQILQ,0.946,4.061
497,TAQTLQ,0.988,3.162
498,PAQDLQ,0.917,2.713
499,AAQCMQ,1.358,3.716
500,QAQQTQ,2.18,2.257
501,PAQSTQ,1.202,1.539
502,PAQQAQ,1.257,2.799
503,QAQKTQ,1.147,2.43
504,AAQQKQ,0.84,3.651
505,AAQQCQ,1.433,3.217
506,TAQNTQ,1.393,1.834
507,TAQSTQ,0.896,1.377
508,PAQHTQ,1.624,1.612
509,AAQTAQ,0.903,2.457
510,TAQATQ,1.318,1.975
511,NAQQTQ,0.693,1.386
512,AAQTMQ,0.688,2.781
513,PAQSLQ,0.983,2.818
514,PAQHLQ,1.175,2.065
515,TAQCAQ,0.85,2.463
516,QAQCLQ,1.026,3.211
517,PAQILQ,0.758,3.728
518,AAQMTQ,1.401,3.642
519,TAQVTQ,1.679,2.957
520,AAQCKQ,0.924,3.858
521,TAQHTQ,1.068,1.939
522,QAQCTQ,0.816,1.443
523,TAQITQ,0.998,2.922
524,AAQMLQ,0.779,3.716
525,AAQCCQ,1.479,3.073
526,TAQSLQ,1.045,3.088
527,QAQTLQ,1.22,3.089
528,RAQQTQ,1.301,1.476
529,AAQNAQ,0.87,3.07
530,AAQDMQ,1.076,2.582
531,TAQHLQ,0.734,3.698
532,TAQLTQ,1.026,2.817
533,NAQTLQ,1.372,3.382
534,NAQCTQ,0.957,0.984
535,AAQGLQ,1.187,3.677
536,AAQNMQ,0.988,3.795
537,AAQVAQ,0.403,3.585
538,QAQTTQ,0.402,1.323
539,PAQNAQ,1.034,2.988
540,AAQTKQ,1.014,3.477
541,AAQEMQ,1.039,2.951
542,KAQQTQ,1.058,2.381
543,SAQQTQ,1.531,2.976
544,TAQDAQ,0.754,3.087
545,TAQLLQ,0.734,4.035
546,AAQFTQ,1.495,0.941
547,NAQTTQ,0.889,1.466
548,AAQTCQ,0.776,3.015
549,PAQCKQ,0.514,2.745
550,QAQETQ,0.816,1.55
551,PAQCRQ,1.366,3.166
552,RAQKTQ,1.214,2.953
553,AAQTRQ,0.669,3.552
554,RAQCTQ,1.003,1.482
555,AAQWTQ,0.892,1.008
556,TAQNAQ,0.701,2.458
557,AAQWLQ,0.648,2.463
558,AAQKIQ,0.718,3.321
559,SAQQLQ,0.92,3.862
560,KAQCLQ,1.395,3.094
561,HAQTLQ,0.985,3.871
562,HAQTTQ,0.572,0.953
563,TAQDMQ,0.693,2.654
564,AAQQVQ,0.911,3.233
565,QAQILQ,0.531,3.447
566,QAQSLQ,1.153,4.087
567,AAQTSQ,0.753,1.329
568,TAQEMQ,0.873,2.677
569,NAQNLQ,0.862,2.917
570,CAQQTQ,0.603,4.197
571,AAQVKQ,0.519,3.639
572,KAQCTQ,0.8,0.913
573,QAQITQ,0.632,2.327
574,AAQMAQ,0.702,3.356
575,QAQVLQ,0.571,3.656
576,TAQQSQ,0.787,1.761
577,NAQHLQ,1.038,3.569
578,SAQTLQ,0.382,3.483
579,NAQQMQ,0.621,2.081
580,NAQNTQ,0.951,1.47
581,NAQILQ,0.618,3.976
582,TAQCCQ,0.522,2.386
583,TAQCRQ,1.131,3.747
584,NAQSTQ,1.057,0.954
585,AAQICQ,0.517,3.376
586,SAQKLQ,0.938,4.626
587,TAQSMQ,0.814,1.804
588,RAQETQ,0.982,0.874
589,TAQGLQ,0.901,2.002
590,PAQNKQ,0.661,2.781
591,TAQTKQ,1.315,3.903
592,QAQLLQ,0.376,4.036
593,TAQRTQ,0.686,2.737
594,PAQVMQ,0.508,2.897
595,AAQIRQ,0.675,3.425
596,NAQCAQ,0.672,1.606
597,AAQTIQ,0.538,2.829
598,HAQETQ,0.774,1.79
599,SAQETQ,1.011,3.006
600,TAQQIQ,0.357,3.01
601,NAQHTQ,0.677,1.255
602,PAQDKQ,0.997,3.035
603,LAQCTQ,0.557,3.591
604,NAQLLQ,0.552,3.083
605,RAQELQ,0.979,1.967
606,NAQCMQ,0.324,1.666
607,PAQWLQ,0.808,1.255
608,AAQISQ,0.902,2.723
609,GAQQLQ,0.735,3.181
610,TAQFLQ,0.53,2.025
611,AAQDIQ,0.584,2.826
612,PAQVRQ,0.429,2.652
613,RAQHTQ,1.179,1.254
614,AAQNIQ,0.697,2.946
615,TAQYLQ,1.078,0.536
616,RAQITQ,1.024,1.19
617,QAQMLQ,0.507,3.581
618,PAQNSQ,0.451,1.083
619,GAQCLQ,0.398,2.623
620,TAQDCQ,0.987,3.237
621,TAQSCQ,0.793,1.062
622,GAQTLQ,0.647,1.815
623,AAQEIQ,0.648,2.95
624,LAQKLQ,0.309,4.457
625,QAQCCQ,0.875,1.257
626,AAQIIQ,0.563,2.985
627,HAQCMQ,0.423,1.74
628,QAQVAQ,0.236,3.094
629,RAQTMQ,0.93,0.538
630,PAQDIQ,0.622,1.964
631,IAQCTQ,0.386,4.344
632,LAQDLQ,0.312,4.385
633,RAQQCQ,0.459,1.931
634,DAQQLQ,0.302,3.463
635,HAQTMQ,0.607,0.945
636,GAQDLQ,0.48,2.546
637,AAQTNQ,0.828,1.815
638,AAQGRQ,0.994,2.342
639,GAQDTQ,0.547,0.517
640,DAQCTQ,0.953,0.854
641,PAQEIQ,0.508,3.026
642,SAQTMQ,0.48,1.973
643,LAQCAQ,0.256,3.991
644,TAQNIQ,0.751,3.489
645,QAQYTQ,0.715,0.458
646,TAQVSQ,0.882,2.74
647,AAQRRQ,0.586,3.65
648,KAQMLQ,0.852,2.728
649,AAQKGQ,0.585,1.711
650,AAQENQ,0.518,1.741
651,EAQDLQ,0.449,3.602
652,PAQRKQ,1.038,4.148
653,KAQCRQ,1.361,1.692
654,SAQNMQ,0.758,3.292
655,TAQTNQ,0.511,1.497
656,YAQKTQ,1.036,2.824
657,VAQITQ,0.261,3.985
658,QAQPTQ,0.092,0.557
659,SAQTRQ,0.525,3.68
660,KAQQIQ,0.818,3.277
661,RAQYTQ,0.915,1.419
662,YAQTTQ,0.861,1.78
663,AAQPRQ,0.228,0.845
664,RAQEKQ,1.319,3.477
665,MAQSTQ,0.542,3.781
666,TAQFRQ,1.151,2.658
667,AAQYIQ,1.617,2.61
668,TAQRRQ,0.924,3.849
669,QAQVSQ,0.44,2.909
670,TAQTQQ,1.248,1.796
671,SAQTSQ,0.709,2.598
672,RAQICQ,1.345,3.01
673,GAQCRQ,0.565,2.627
674,GAQCCQ,0.598,2.719
675,PAQRIQ,0.605,3.265
676,YAQNTQ,1.95,2.038
677,DAQMLQ,0.357,3.565
678,WAQETQ,1.486,2.106
679,DAQCRQ,0.456,2.993
680,GAQTSQ,0.601,1.307
681,PAQSYQ,0.419,0.977
682,GAQTIQ,1.076,2.667
683,GAQICQ,0.497,3.242
684,TMQCTQ,0.467,3.83
685,VAQICQ,0.311,3.919
686,TAQYNQ,0.298,0.852
687,RAQGIQ,1.536,2.188
688,KAQRIQ,0.984,3.065
689,WAQYTQ,0.543,0.929
690,MAQMKQ,0.182,3.592
691,AVQFTQ,0.967,2.064
692,AIQRTQ,0.72,4.071
693,RAQGYQ,0.092,0.823
694,AVQCVQ,0.34,3.108
695,PNQQLQ,0.051,3.836
696,TSQSKQ,0.498,3.586
697,SAQEPQ,0.064,0.645
698,PCQPMQ,0.045,0.853
699,MAQFNQ,0.409,2.286
700,CTQETQ,0.318,3.716
701,GVQETQ,0.58,2.208
702,QGQIAQ,0.187,0.933
703,HVQYLQ,0.814,2.885
704,ECQEMQ,0.355,2.037
705,SSQLAQ,0.283,3.541
706,LTQKCQ,0.176,3.543
707,KQQCAQ,0.131,4.559
708,QQQCCQ,0.249,4.567
709,VMQYAQ,0.129,4.009
710,DAQMWQ,0.032,1.425
711,AFQKHQ,0.019,1.971
712,RMQRIQ,0.089,3.969
713,QGQTSQ,0.398,2.323
714,HSQEKQ,0.493,3.628
715,YVQHTQ,0.237,1.214
716,ISQCKQ,0.21,3.349
717,ANQEIQ,0.027,2.403
718,FAQMYQ,0.285,0.904
719,RLQASQ,0.12,4.772
720,NTQMCQ,0.646,2.844
721,RVQRKQ,0.664,2.902
722,GVQVCQ,0.536,2.897
723,TNQIRQ,0.064,4.009
724,YCQARQ,0.472,2.548
725,AHQCFQ,0.032,2.645
726,RFQMCQ,0.037,3.1
727,IEQKAQ,0.054,3.824
728,SLQQNQ,0.086,4.408
729,RSQFRQ,0.312,2.018
730,DIQWLQ,0.176,2.749
731,EIQFAQ,0.263,2.773
732,LSQRKQ,0.345,3.724
733,LLQASQ,0.049,3.411
734,HYQLKQ,0.094,3.736
735,AFQWQQ,0.027,2.132
736,VEQDMQ,0.119,4.561
737,ISQDVQ,0.076,2.89
738,PEQPRQ,0.024,1.818
739,IPQCRQ,0.031,1.609
740,YFQRTQ,0.025,2.323
741,KEQTVQ,0.027,2.162
742,TPQSYQ,0.032,1.985
743,PFQRGQ,0.032,2.836
744,CRQQIQ,0.022,1.744
745,CHQVAQ,0.044,3.583
746,AWQRGQ,0.446,1.56
747,IWQIKQ,0.047,2.378
748,WKQCLQ,0.038,1.924
749,TRQWSQ,0.034,1.775
750,MIQARQ,0.32,3.664
751,LPQSIQ,0.036,1.723
752,LKQVCQ,0.034,2.359
753,RSQEGQ,0.129,1.163
754,HIQDYQ,0.062,2.158
755,LFQWKQ,0.049,2.691
756,IQQVSQ,0.143,3.451
757,LHQVRQ,0.058,3.212
758,RQQNQQ,0.092,3.304
759,DTQCFQ,0.07,1.796
760,FGQRLQ,0.16,1.17
761,DGQEVQ,0.435,2.248
762,LNQLSQ,0.14,4.168
763,SRQFRQ,0.035,1.941
764,WMQNGQ,0.098,2.252
765,CVQIHQ,0.324,2.916
766,YNQKKQ,0.134,4.224
767,RQQLQQ,0.1,3.758
768,RMQGPQ,0.035,1.927
769,GLQCYQ,0.045,3.319
770,PEQKPQ,0.032,1.87
771,PGQYDQ,0.031,1.868
772,DGQYKQ,0.539,2.953
773,SDQKNQ,0.03,1.952
774,VIQPIQ,0.08,2.145
775,NLQEDQ,0.036,2.012
776,MVQRVQ,0.342,3.257
777,KQQDYQ,0.053,3.155
778,YSQINQ,0.133,1.136
779,FTQAIQ,0.139,3.289
780,DRQNVQ,0.039,1.567
781,PYQIEQ,0.045,1.642
782,DPQAIQ,0.035,2
783,DFQYSQ,0.052,2.239
784,KSQGGQ,0.053,1.546
785,FCQKWQ,0.045,1.623
786,SVQRGQ,0.144,0.975
787,PKQNPQ,0.028,1.991
788,RVQWGQ,0.043,1.28
789,LTQYFQ,0.322,2.978
790,VKQCFQ,0.037,1.879
791,MWQYKQ,0.04,3.082
792,EKQGCQ,0.037,1.848
793,CVQLDQ,0.35,4.129
794,VWQDHQ,0.558,3.072
795,SRQNHQ,0.027,1.97
796,KHQHFQ,0.046,2.587
797,HGQFHQ,0.04,1.365
798,FEQHRQ,0.055,2.521
799,KDQKQQ,0.025,1.886
800,WYQQNQ,0.049,1.976
801,VTQYQQ,0.418,2.821
802,RLQYYQ,0.066,4.032
803,KLQRYQ,0.05,3.177
804,QPQPQQ,0.039,1.995
805,YNQGKQ,0.045,2.645
806,PPQREQ,0.039,1.852
807,MCQHPQ,0.086,1.152
808,CSQEEQ,0.035,1.633
809,DTQMYQ,0.072,1.773
810,NIQPWQ,0.033,1.912
811,YVQGGQ,0.052,1.47
812,DKQEFQ,0.031,1.799
813,RKQAWQ,0.041,1.737
814,LKQDWQ,0.03,1.946
815,HVQREQ,0.05,1.731
816,GYQNWQ,0.039,1.998
817,MEQNQQ,0.076,3.721
818,MIQFYQ,0.12,3.075
819,MYQIGQ,0.09,3.32
820,QEQHPQ,0.036,1.829
821,WGQVHQ,0.104,1.296
822,FLQAHQ,0.055,3.231
823,SNQRHQ,0.054,2.656
824,IVQWWQ,0.046,1.514
825,YYQDWQ,0.039,1.942
826,LEQLEQ,0.038,1.913
827,EDQPIQ,0.038,1.744
828,IDQQEQ,0.031,1.768
829,YHQRFQ,0.039,2.185
830,EEQFHQ,0.039,1.962
831,DKQVWQ,0.03,1.76
832,QYQWPQ,0.031,1.786
833,FPQRYQ,0.038,1.908
834,ENQWGQ,0.033,1.941
835,VKQPDQ,0.032,1.78
836,HKQWPQ,0.037,1.944
837,FWQYWQ,0.032,1.84
838,AAQQTQ,0.902,3.996
839,AAQITQ,1.3,3.984
840,AAQTTQ,1.334,3.495
841,AAQVLQ,0.683,4.618
842,AAQSLQ,0.787,4.306
843,AAQQIQ,0.648,3.79
844,TAQQKQ,0.851,4.47
845,AAQIKQ,0.653,4.555
846,AAQGTQ,1.522,2.297
847,AAQVTQ,0.926,4.026
848,AAQLLQ,0.225,3.978
849,AAQCIQ,0.42,3.096
850,AAQSTQ,1.24,3.327
851,AAQMKQ,0.743,4.489
852,AAQNKQ,0.774,4.347
853,AAQQRQ,0.843,4.478
854,AAQGKQ,1.537,3.096
855,AAQCAQ,1.961,3.75
856,TAQILQ,0.638,4.266
857,AAQCRQ,1.832,3.893
858,AAQYLQ,0.87,3.804
859,PAQMLQ,0.833,4.397
860,AAQDKQ,0.829,4.267
861,PAQITQ,1.689,3.226
862,AAQSKQ,0.901,3.872
863,AAQFLQ,0.78,3.824
864,PAQVLQ,0.582,4.344
865,AAQRLQ,0.472,4.357
866,TAQMTQ,0.417,0.966
867,PAQIKQ,1.205,3.287
868,PAQVTQ,0.456,3.709
869,TAQIKQ,0.908,4.128
870,AAQYTQ,0.652,2.197
871,AAQRKQ,0.746,4.338
872,PAQGTQ,0.581,2.065
873,PAQDTQ,1.293,2.51
874,TAQGTQ,0.787,1.428
875,AAQIMQ,0.706,4.132
876,PAQCIQ,0.473,1.926
877,AAQQSQ,0.728,3.506
878,TAQVKQ,0.803,3.756
879,AAQYKQ,0.689,3.81
880,AAQCVQ,0.411,3.064
881,AAQFKQ,0.799,3.844
882,AAQGIQ,0.583,2.868
883,PAQCAQ,0.656,3.562
884,PAQCCQ,1.087,3.561
885,AAQMCQ,0.591,4.24
886,PAQHKQ,0.59,3.804
887,TAQCIQ,0.554,3.024
888,AAQGMQ,0.511,2.613
889,AAQVMQ,0.365,4.015
890,PAQYLQ,0.523,3.539
891,AAQSIQ,0.256,3.207
892,AAQVCQ,0.559,4.147
893,TAQCMQ,0.731,3.5
894,AAQSMQ,1.095,3.377
895,AAQGAQ,1.167,3.035
896,VAQQTQ,0.326,4.216
897,AAQLMQ,0.637,3.908
898,LAQQTQ,0.527,4.224
899,SAQVLQ,0.194,1.728
900,AAQLAQ,0.349,3.812
901,AVQCTQ,0.822,3.313
902,AAQCFQ,0.782,1.596
903,PAQTCQ,1.117,3.324
904,AAQCHQ,0.731,1.967
905,PAQIIQ,0.32,3.512
906,AAQTVQ,0.73,3.059
907,AAQIVQ,0.306,3.342
908,AAQEAQ,0.63,3.831
909,VAQCLQ,0.379,4.431
910,VAQQLQ,0.282,4.672
911,AAQRMQ,0.862,3.977
912,SAQLLQ,0.741,4.491
913,TAQIIQ,0.506,3.516
914,AAQFIQ,0.633,2.383
915,PAQIMQ,0.879,2.674
916,AAQNVQ,0.556,3.318
917,PAQCVQ,0.762,2.981
918,TAQIRQ,0.527,3.824
919,TVQQTQ,1.457,3.199
920,AAQYMQ,0.846,2.324
921,SAQIKQ,0.569,4.375
922,AAQRCQ,0.904,4.199
923,LAQCLQ,0.145,3.831
924,SAQELQ,0.407,4.375
925,EAQCLQ,0.771,3.955
926,AAQQDQ,0.06,1.82
927,PAQCSQ,1.368,2.229
928,AAQFCQ,1.009,1.25
929,AAQCNQ,0.309,0.912
930,AAQQWQ,0.082,1.671
931,DAQQTQ,1.107,3.138
932,AAQIQQ,0.66,2.623
933,AAQYAQ,0.976,3.193
934,PAQKIQ,0.276,3.499
935,AAQCGQ,0.252,0.988
936,PAQMCQ,1.007,2.814
937,PAQCQQ,0.379,0.629
938,AAQNSQ,0.43,2.926
939,AAQSVQ,0.429,2.756
940,AAQDVQ,0.041,1.895
941,AAQCWQ,0.088,1.615
942,AAQIFQ,0.447,2.614
943,SAQYLQ,0.621,2.495
944,AVQVTQ,0.995,2.986
945,AAQCDQ,0.052,1.545
946,PAQHRQ,0.741,3.052
947,PAQHCQ,0.537,2.36
948,AVQDTQ,0.331,1.946
949,AVQGTQ,0.671,1.178
950,PAQQFQ,0.445,1.011
951,AAQNFQ,0.298,1.974
952,TVQCTQ,0.408,3.081
953,AAQWIQ,0.897,1.37
954,PAQIVQ,0.039,1.866
955,AAQDQQ,0.374,1.604
956,AVQHTQ,1.221,2.007
957,YAQNLQ,0.567,0.995
958,PAQYIQ,0.378,2.808
959,PAQFIQ,1.22,2.487
960,AAQFVQ,0.508,0.915
961,AVQGKQ,0.285,2.224
962,IAQILQ,0.077,3.477
963,PAQMVQ,0.661,2.873
964,VAQVTQ,0.171,4.223
965,PAQSVQ,0.829,2.199
966,LAQVTQ,0.271,4.289
967,AAQNWQ,0.052,1.571
968,DAQNTQ,0.772,2.645
969,AWQCLQ,0.034,2.478
970,ATQFLQ,0.454,3.44
971,PAQMHQ,0.35,1.395
972,AAQHDQ,0.034,1.843
973,AWQCKQ,0.219,1.123
974,AAQYGQ,0.135,0.952
975,ASQYKQ,0.401,2.733
976,AWQHLQ,0.06,1.542
977,AWQMKQ,0.047,2.142
978,CAQEIQ,0.157,3.386
979,AGQCVQ,0.081,1.189
980,SGQQKQ,0.228,1.676
981,PIQNMQ,0.223,3.841
982,VCQCTQ,0.328,4.241
983,TVQRIQ,0.307,3.512
984,GAQLCQ,0.644,3.172
985,TEQTTQ,0.051,2.367
986,AEQKLQ,0.274,3.255
987,ESQTLQ,0.255,3.614
988,KVQQCQ,0.649,3.33
989,YVQKTQ,0.797,2.344
990,NAQSQQ,0.155,0.981
991,PQQSKQ,0.244,4.974
992,PGQNRQ,0.104,0.894
993,AMQFVQ,0.166,3.708
994,PHQQKQ,0.065,3.199
995,AFQFKQ,0.037,2.314
996,PYQELQ,0.088,3.751
997,VTQCRQ,0.218,4.268
998,TLQLAQ,0.048,2.973
999,LAQWCQ,0.838,3.809
1000,KCQAKQ,0.842,3.757
1001,DTQSLQ,0.201,3.465
1002,MCQATQ,0.673,2.514
1003,RMQFKQ,0.544,4.878
1004,KVQLAQ,0.82,3.022
1005,SSQIRQ,0.218,3.505
1006,NAQMWQ,0.055,1.783
1007,GSQNKQ,0.239,2.677
1008,KWQMLQ,0.059,3.438
1009,FAQYCQ,0.654,2.879
1010,WWQQTQ,0.061,3.461
1011,NVQLCQ,0.057,2.041
1012,SCQRAQ,0.545,3.468
1013,PDQTIQ,0.095,2.88
1014,SMQARQ,0.216,4.473
1015,VMQVMQ,0.253,1.925
1016,DTQCAQ,0.212,3.116
1017,HCQDMQ,0.051,1.828
1018,GIQTRQ,0.117,2.942
1019,AWQTYQ,0.037,3.023
1020,RIQRMQ,0.192,3.411
1021,LCQLAQ,0.065,1.504
1022,HIQGAQ,0.144,3.148
1023,GAQHWQ,0.05,1.829
1024,YTQWLQ,0.119,1.673
1025,SDQLLQ,0.094,2.054
1026,PEQDMQ,0.057,2.374
1027,SEQHKQ,0.092,2.338
1028,MMQNCQ,0.097,3.374
1029,HRQTTQ,0.08,2.106
1030,TCQIPQ,0.066,1.768
1031,QTQKVQ,0.129,2.532
1032,SRQQCQ,0.052,2.08
1033,AFQCYQ,0.025,2.168
1034,FAQGNQ,0.082,1.543
1035,QSQRCQ,0.141,1.653
1036,ECQDCQ,0.786,2.8
1037,PLQGHQ,0.097,2.204
1038,GWQMKQ,0.086,3.6
1039,TRQHRQ,0.091,1.956
1040,KYQQIQ,0.064,2.767
1041,RFQHKQ,0.109,2.341
1042,WVQHAQ,0.164,1.231
1043,DQQGLQ,0.095,4.166
1044,TEQVVQ,0.051,2.349
1045,QMQCWQ,0.109,2.03
1046,VMQHSQ,0.11,3.806
1047,EEQNKQ,0.118,2.464
1048,NTQKSQ,0.194,1.828
1049,YIQYIQ,0.109,2.287
1050,GSQDMQ,0.131,2.335
1051,VLQSAQ,0.1,2.837
1052,AIQPDQ,0.031,1.919
1053,NVQQPQ,0.106,2.172
1054,NHQGLQ,0.059,2.714
1055,QQQVRQ,0.256,3.771
1056,PHQGRQ,0.074,2.904
1057,RIQYSQ,0.123,2.186
1058,DTQHCQ,0.203,1.935
1059,TTQRPQ,0.092,2.349
1060,CLQMCQ,0.064,2.763
1061,MIQVVQ,0.219,3.515
1062,PFQKVQ,0.059,2.082
1063,KQQCSQ,0.125,2.434
1064,PLQKGQ,0.086,3.223
1065,NIQLQQ,0.089,2.336
1066,DVQKVQ,0.187,2.257
1067,HCQTWQ,0.087,1.746
1068,DIQHRQ,0.111,2.294
1069,PSQRPQ,0.037,1.706
1070,HRQQMQ,0.049,2.139
1071,DWQTIQ,0.047,1.85
1072,TQQRFQ,0.073,3.168
1073,TFQNFQ,0.049,1.677
1074,SHQTMQ,0.057,2.685
1075,VMQAQQ,0.075,3.159
1076,KTQRFQ,0.087,1.86
1077,DHQNTQ,0.059,2.564
1078,TWQSWQ,0.071,2.274
1079,ECQTGQ,0.074,1.777
1080,HQQKMQ,0.115,3.592
1081,WCQQNQ,0.102,1.563
1082,QYQHIQ,0.073,2.606
1083,DGQVCQ,0.079,1.578
1084,TMQYEQ,0.066,2.129
1085,NIQIGQ,0.05,1.635
1086,SNQVRQ,0.077,2.637
1087,SRQKMQ,0.049,2.266
1088,FSQKMQ,0.148,2.576
1089,YCQNDQ,0.058,2.155
1090,VVQWSQ,0.293,1.409
1091,KWQYCQ,0.184,4.809
1092,YRQCRQ,0.061,2.176
1093,PWQKYQ,0.149,1.797
1094,LMQMNQ,0.271,3.892
1095,MIQTDQ,0.032,1.955
1096,GVQPRQ,0.068,2.21
1097,TPQIYQ,0.028,2.118
1098,DKQCIQ,0.062,2.395
1099,QKQAAQ,0.06,2.399
1100,FGQSIQ,0.309,2.259
1101,TPQVYQ,0.054,2.426
1102,NYQEIQ,0.04,2.579
1103,VGQAVQ,0.272,3.664
1104,CVQYDQ,0.051,2.179
1105,YIQHHQ,0.073,2.201
1106,PYQHWQ,0.054,2.018
1107,YPQEAQ,0.051,2.356
1108,RTQRYQ,0.06,1.836
1109,LWQGSQ,1.085,3.292
1110,YCQSWQ,0.053,1.888
1111,FGQGCQ,0.082,1.726
1112,VLQSFQ,0.065,2.289
1113,EFQMIQ,0.059,2.378
1114,CWQCNQ,0.207,2.286
1115,RMQFDQ,0.052,2.267
1116,QEQFRQ,0.066,2.209
1117,NWQDFQ,0.06,2.628
1118,MPQMAQ,0.064,1.703
1119,KSQDYQ,0.071,1.975
1120,LSQVWQ,0.087,1.906
1121,TRQVYQ,0.051,1.95
1122,SCQWNQ,0.046,1.362
1123,KQQLQQ,0.066,2.385
1124,VMQYDQ,0.061,2.231
1125,VDQEIQ,0.061,2.132
1126,WIQGFQ,0.068,2.216
1127,QWQIDQ,0.026,1.981
1128,HEQMSQ,0.068,2.279
1129,WTQHFQ,0.056,2.061
1130,KNQQHQ,0.065,2.204
1131,TFQDPQ,0.052,2.13
1132,RQQQEQ,0.073,2.186
1133,TYQSPQ,0.056,1.908
1134,SPQWAQ,0.094,2.125
1135,EIQEGQ,0.065,2.066
1136,EFQTSQ,0.068,2.281
1137,GPQSRQ,0.04,1.748
1138,VKQYRQ,0.058,2.057
1139,IWQFRQ,0.058,3.041
1140,RLQVDQ,0.066,2.143
1141,LEQVSQ,0.076,2.345
1142,MGQRSQ,0.314,1.907
1143,NEQKVQ,0.038,2.863
1144,CGQIWQ,0.059,1.475
1145,VQQNDQ,0.048,1.847
1146,VNQFAQ,0.11,3.168
1147,YYQFMQ,0.052,2.054
1148,HPQIHQ,0.044,1.687
1149,YRQNSQ,0.061,1.899
1150,THQSYQ,0.074,2.312
1151,GEQVSQ,0.054,2.138
1152,QYQEHQ,0.064,2.415
1153,QDQKQQ,0.057,1.744
1154,WVQPVQ,0.056,1.933
1155,WYQKMQ,0.039,2.865
1156,QYQSGQ,0.059,2.212
1157,DPQKRQ,0.058,1.774
1158,GIQYYQ,0.068,2.327
1159,KQQFFQ,0.053,1.986
1160,YDQIVQ,0.045,2.002
1161,LNQYMQ,0.071,2.82
1162,FDQDAQ,0.048,2.135
1163,GPQIQQ,0.047,2.013
1164,MWQWRQ,0.297,3.356
1165,CLQVYQ,0.058,2.39
1166,IDQQFQ,0.05,2.22
1167,QQQRDQ,0.044,1.927
1168,GQQKFQ,0.056,2.067
1169,ISQWSQ,0.225,2.381
1170,RSQYEQ,0.051,1.964
1171,GQQWMQ,0.073,2.411
1172,EPQTGQ,0.056,1.824
1173,REQFQQ,0.051,1.818
1174,MGQENQ,0.126,2.168
1175,GKQESQ,0.054,2.028
1176,LRQLQQ,0.047,2.102
1177,IWQDDQ,0.047,1.749
1178,LPQYSQ,0.048,2.171
1179,QFQGGQ,0.043,2.024
1180,YEQINQ,0.044,2.038
1181,HFQVGQ,0.049,2.076
1182,EHQGSQ,0.054,2.305
1183,VPQLGQ,0.045,1.841
1184,EFQWIQ,0.047,2.051
1185,CGQEEQ,0.067,1.548
1186,MTQWDQ,0.049,2.04
1187,YWQEYQ,0.038,2.503
1188,IEQGFQ,0.057,2.122
1189,HQQLEQ,0.053,2.135
1190,GNQMQQ,0.05,2.25
1191,FVQFEQ,0.051,1.933
1192,DYQMHQ,0.046,1.971
1193,GHQCNQ,0.052,2.179
1194,KQQKPQ,0.05,2.095
1195,CYQAGQ,0.07,2.64
1196,YPQCEQ,0.043,1.966
1197,VNQYHQ,0.062,2.12
1198,EPQYFQ,0.045,2.011
1199,EFQTPQ,0.053,2.216
1200,NRQIPQ,0.053,1.911
1201,LGQWGQ,0.065,1.694
1202,FEQWCQ,0.046,2.126
1203,LHQRGQ,0.065,2.816
1204,YHQNPQ,0.055,2.095
1205,RHQFNQ,0.06,2.579
1206,FFQHFQ,0.052,2.011
1207,YHQRDQ,0.047,2.131
1208,MKQKYQ,0.055,2.03
1209,FSQWDQ,0.05,1.99
1210,HNQHPQ,0.05,2.012
1211,HHQPQQ,0.055,2.143
1212,DHQLWQ,0.052,2.197
1213,GNQREQ,0.065,2.104
1214,IGQWEQ,0.07,1.586
1215,PAQTKQ,0.588,2.094
1216,AAQRTQ,0.793,1.796
1217,PAQQKQ,0.707,2.656
1218,TAQCKQ,0.596,1.923
1219,AAQLKQ,0.61,2.976
1220,AAQIAQ,0.619,2.566
1221,AAQHTQ,0.56,1.083
1222,AAQEKQ,0.562,2.576
1223,AAQHKQ,0.471,2.222
1224,PAQMKQ,0.372,2.058
1225,PAQMTQ,0.498,1.01
1226,PAQVKQ,0.672,2.446
1227,PAQLKQ,0.637,1.507
1228,PAQGKQ,0.65,0.759
1229,AAQWKQ,0.773,0.924
1230,SAQQKQ,0.498,2.587
1231,PAQICQ,0.596,1.609
1232,PAQEKQ,0.765,1.965
1233,PAQIAQ,0.548,2.142
1234,PAQLLQ,0.624,3.321
1235,PAQQCQ,0.457,2.222
1236,PAQTAQ,0.633,1.362
1237,AAQDAQ,0.966,1.932
1238,SAQTKQ,0.833,1.041
1239,AAQMRQ,0.355,3.571
1240,TAQVLQ,0.386,2.674
1241,AAQHAQ,0.609,1.598
1242,HAQQTQ,0.557,1.36
1243,RAQTKQ,0.462,0.659
1244,RAQCKQ,0.224,0.747
1245,AAQVRQ,0.584,3.625
1246,AAQFAQ,0.562,0.594
1247,TAQMLQ,0.522,3.049
1248,RAQTLQ,0.423,1.14
1249,PAQRLQ,0.363,3.151
1250,TAQTRQ,0.4,0.726
1251,AAQLRQ,0.382,3.326
1252,QAQIKQ,0.277,3.596
1253,PAQTMQ,1.033,2.186
1254,SAQTTQ,0.609,0.556
1255,RAQILQ,0.852,2.248
1256,PAQSAQ,0.821,1
1257,KAQITQ,0.444,0.58
1258,PAQMAQ,0.63,1.561
1259,AAQHRQ,0.241,1.175
1260,EAQCKQ,0.551,2.906
1261,AAQFRQ,0.507,1.095
1262,HAQIKQ,0.947,2.63
1263,RAQSKQ,0.659,0.608
1264,LAQIKQ,0.241,4.678
1265,PAQVAQ,0.498,1.827
1266,TAQTMQ,0.557,1.561
1267,KAQTTQ,0.54,0.472
1268,LAQCKQ,0.384,4.971
1269,PAQMRQ,0.511,2.721
1270,AAQPLQ,0.362,0.818
1271,CAQCKQ,0.403,4.342
1272,PAQSRQ,0.422,1.227
1273,MAQQKQ,0.254,4.257
1274,FAQQTQ,0.733,0.61
1275,LAQITQ,0.477,3.351
1276,PAQEAQ,0.54,2.112
1277,PAQLRQ,0.615,1.858
1278,SAQDTQ,0.678,0.551
1279,AAQGSQ,0.38,0.617
1280,RAQDKQ,0.331,0.664
1281,QAQGLQ,0.436,1.479
1282,CAQCTQ,0.257,3.168
1283,TAQGRQ,0.034,3.105
1284,CAQQLQ,0.271,4.955
1285,SAQIAQ,0.591,2.492
1286,SAQQMQ,0.339,1.673
1287,AAQWMQ,0.636,0.597
1288,TAQMCQ,0.582,1.307
1289,CAQTTQ,0.507,3.735
1290,SAQCCQ,0.522,1.064
1291,TAQNMQ,0.502,1.691
1292,KAQDTQ,0.524,0.412
1293,KAQIAQ,0.054,2.719
1294,AVQSLQ,0.329,1.802
1295,RAQFLQ,0.515,0.549
1296,DAQSTQ,0.529,0.59
1297,PVQQLQ,0.977,2.465
1298,QAQFLQ,0.568,0.77
1299,QAQICQ,0.36,1.733
1300,AVQMLQ,0.561,2.768
1301,PVQSLQ,0.652,1.998
1302,SAQDAQ,0.673,1.221
1303,PVQMLQ,0.528,1.85
1304,SAQMCQ,0.808,1.747
1305,NAQLTQ,0.565,0.632
1306,PVQVLQ,0.843,2.829
1307,KVQQLQ,0.585,1.73
1308,MAQHKQ,0.503,4.5
1309,CAQTRQ,0.29,3.868
1310,SAQFAQ,0.603,2.524
1311,TVQMLQ,0.443,1.359
1312,ATQICQ,0.726,2.294
1313,SAQQQQ,0.275,1.069
1314,ACQNAQ,0.613,3.181
1315,KVQSLQ,0.392,1.175
1316,TGQIKQ,0.774,2.538
1317,RAQERQ,0.463,0.91
1318,IAQFTQ,0.768,3.183
1319,FAQQRQ,0.536,1.691
1320,MAQGRQ,0.715,2.63
1321,DAQCIQ,0.533,1.607
1322,TCQMLQ,0.049,1.861
1323,PIQCRQ,0.348,3.689
1324,APQKTQ,0.471,1.023
1325,QVQYLQ,0.32,0.826
1326,HAQSSQ,0.166,1.045
1327,TIQCRQ,0.391,3.67
1328,EAQWRQ,0.46,1.42
1329,AVQDSQ,0.039,1.861
1330,VIQCTQ,0.401,3.668
1331,PCQAMQ,0.485,2.086
1332,AAQYDQ,0.039,1.798
1333,ALQLAQ,0.066,2.378
1334,QIQRKQ,0.434,3.307
1335,GMQLKQ,0.543,4.098
1336,MAQDSQ,0.551,3.326
1337,SAQCPQ,0.068,1.552
1338,YAQEIQ,0.561,0.875
1339,NIQSLQ,0.513,4.131
1340,RVQYAQ,0.417,0.633
1341,LVQKAQ,0.377,3.241
1342,TVQVHQ,0.1,2.116
1343,RMQCSQ,0.38,3.592
1344,TQQQRQ,0.194,4.348
1345,TMQYRQ,0.664,3.835
1346,DCQIAQ,0.523,2.942
1347,PIQQQQ,0.162,2.92
1348,TEQQLQ,0.185,3.844
1349,HCQGCQ,0.343,1.172
1350,YSQAKQ,0.226,3.865
1351,TVQWIQ,0.433,1.464
1352,HAQRHQ,0.448,1.073
1353,TTQDSQ,0.389,3.132
1354,KMQGMQ,0.353,3.937
1355,CVQERQ,0.425,3.514
1356,HQQATQ,0.257,4.029
1357,SKQTTQ,0.049,1.911
1358,SLQHLQ,0.065,2.54
1359,KGQWKQ,0.056,2.339
1360,CGQFKQ,0.609,4.058
1361,PMQVHQ,0.506,4.176
1362,RVQYSQ,0.219,0.732
1363,CVQQNQ,0.262,1.634
1364,PEQFLQ,0.073,2.158
1365,KKQVKQ,0.051,1.895
1366,TVQMGQ,0.132,0.877
1367,LIQLRQ,0.688,3.926
1368,HAQNGQ,0.232,0.616
1369,GLQAKQ,0.096,3.922
1370,LIQPKQ,0.15,1.821
1371,EIQPTQ,0.046,2.005
1372,QIQQQQ,0.268,2.646
1373,PMQSGQ,0.233,2.836
1374,PYQQMQ,0.142,4.004
1375,GIQQSQ,0.155,2.025
1376,YSQIRQ,0.496,2.079
1377,ETQLMQ,0.35,2.668
1378,VFQCKQ,0.056,2.065
1379,NIQEAQ,0.369,3.753
1380,TFQHLQ,0.054,1.541
1381,TGQNSQ,0.085,1.691
1382,AIQYFQ,0.094,1.954
1383,IVQGIQ,0.482,3.16
1384,TEQVCQ,0.11,2.55
1385,YKQLTQ,0.045,1.559
1386,TCQWQQ,0.069,1.246
1387,NIQLMQ,0.212,3.439
1388,WCQNRQ,0.148,1.992
1389,QEQQAQ,0.118,3.335
1390,STQQFQ,0.063,1.561
1391,YWQHTQ,0.754,0.515
1392,PSQPMQ,0.123,3.317
1393,MLQTRQ,0.064,2.89
1394,KYQVCQ,0.17,3.331
1395,DSQGCQ,0.138,1.581
1396,LMQAQQ,0.281,3.585
1397,HGQKCQ,0.724,2.544
1398,ISQACQ,0.055,1.81
1399,LWQKMQ,0.657,3.93
1400,KDQFTQ,0.055,1.639
1401,MTQCVQ,0.149,3.131
1402,GRQTTQ,0.651,0.52
1403,IQQDLQ,0.109,3.531
1404,NAQWNQ,0.09,1.018
1405,PQQNVQ,0.14,3.243
1406,FAQKEQ,0.044,1.986
1407,LYQSRQ,0.321,4.564
1408,YMQINQ,0.206,2.515
1409,FPQVKQ,0.037,3.065
1410,EYQKLQ,0.055,2.989
1411,KNQACQ,0.067,4.266
1412,RVQKYQ,0.08,1.292
1413,HEQELQ,0.342,4.247
1414,IQQWKQ,0.232,4.441
1415,LYQTSQ,0.3,4.46
1416,RNQEAQ,0.061,3.14
1417,APQAQQ,0.067,1.674
1418,HIQRVQ,0.228,5.539
1419,DHQLTQ,0.08,2.605
1420,NQQSRQ,0.288,4.429
1421,KMQGGQ,0.087,1.985
1422,VVQEFQ,0.616,2.267
1423,RVQEDQ,0.065,1.793
1424,PDQEMQ,0.038,2.063
1425,CQQGMQ,0.158,3.976
1426,VKQNAQ,0.035,2.055
1427,HVQKGQ,0.168,1.014
1428,LNQHLQ,0.077,3.019
1429,VHQCAQ,0.067,2.451
1430,PGQFFQ,0.051,2.445
1431,RIQFHQ,0.076,1.858
1432,MPQIRQ,0.05,1.796
1433,NVQCPQ,0.065,1.838
1434,VQQYRQ,0.391,4.497
1435,KVQGWQ,0.058,1.649
1436,LHQYCQ,0.06,2.346
1437,KRQWLQ,0.06,2.009
1438,ILQTSQ,0.063,2.636
1439,LMQDDQ,0.059,1.962
1440,WSQHAQ,0.151,1.766
1441,EVQNEQ,0.042,2.923
1442,GIQPAQ,0.053,1.79
1443,TRQQNQ,0.053,1.86
1444,HMQRGQ,0.407,3.401
1445,FQQMAQ,0.159,3.952
1446,WSQASQ,0.09,1.455
1447,IVQEFQ,0.413,2.525
1448,RHQRSQ,0.06,2.607
1449,AKQVGQ,0.048,1.988
1450,GMQIDQ,0.047,1.903
1451,GTQQEQ,0.048,2.067
1452,AKQGYQ,0.048,1.977
1453,KIQAPQ,0.051,2.108
1454,ESQRQQ,0.107,1.967
1455,GVQMEQ,0.051,1.952
1456,WLQERQ,0.068,3.235
1457,MIQFHQ,0.18,2.943
1458,LMQMWQ,0.134,3.321
1459,WTQINQ,0.069,1.434
1460,SFQAIQ,0.046,1.922
1461,GMQCDQ,0.051,1.988
1462,CEQDRQ,0.441,4.562
1463,HHQPTQ,0.051,2.087
1464,LTQVPQ,0.083,1.638
1465,PEQTYQ,0.049,1.831
1466,FHQWKQ,0.056,2.41
1467,NRQVCQ,0.051,1.968
1468,ITQKVQ,0.063,2.452
1469,KWQDFQ,0.069,3.252
1470,GTQCYQ,0.04,1.825
1471,TYQCYQ,0.053,2.074
1472,SGQQDQ,0.048,1.755
1473,YNQRMQ,0.051,2.421
1474,YEQWLQ,0.041,2.01
1475,IVQYGQ,0.15,1.222
1476,TRQYIQ,0.038,2.157
1477,VQQGHQ,0.091,3.124
1478,GIQFHQ,0.048,2.031
1479,TIQWWQ,0.049,1.878
1480,RHQKIQ,0.043,2.464
1481,SPQWMQ,0.046,1.881
1482,WVQSWQ,0.038,2.142
1483,THQANQ,0.071,3.31
1484,GSQLHQ,0.068,1.745
1485,VEQHRQ,0.188,4.016
1486,DMQDPQ,0.043,2.277
1487,MHQQIQ,0.041,2.161
1488,ELQIEQ,0.037,2.202
1489,RIQEWQ,0.043,1.879
1490,TDQCYQ,0.039,2.315
1491,RYQMVQ,0.044,2.315
1492,MEQESQ,0.087,3.483
1493,RPQTNQ,0.042,1.854
1494,ADQFGQ,0.048,2.166
1495,NEQFMQ,0.046,1.911
1496,SNQTFQ,0.047,2.175
1497,ETQRPQ,0.044,1.86
1498,YGQQPQ,0.054,1.731
1499,RGQVEQ,0.059,1.752
1500,WIQDNQ,0.046,1.826
1501,DWQEIQ,0.048,3.075
1502,RIQHEQ,0.039,2.127
1503,EKQSFQ,0.051,1.666
1504,NMQFWQ,0.039,2.061
1505,GIQDGQ,0.067,1.838
1506,SYQTYQ,0.037,2.256
1507,ITQSDQ,0.06,1.891
1508,GGQPMQ,0.034,2.103
1509,HKQCNQ,0.058,1.995
1510,GFQHRQ,0.04,2.632
1511,HTQAWQ,0.044,2.777
1512,NGQEFQ,0.046,1.83
1513,VSQLYQ,0.149,2.775
1514,GTQEYQ,0.046,1.875
1515,LFQEQQ,0.05,1.809
1516,IKQIHQ,0.04,1.966
1517,GGQVFQ,0.274,1.383
1518,SGQMPQ,0.04,2.2
1519,DTQWHQ,0.063,1.567
1520,YEQSQQ,0.036,2.172
1521,KHQVFQ,0.063,2.254
1522,NFQFIQ,0.036,2.36
1523,SFQKFQ,0.054,1.901
1524,MQQDEQ,0.037,1.894
1525,ENQLVQ,0.054,2.269
1526,TRQGYQ,0.037,1.962
1527,DQQDFQ,0.061,2.226
1528,MHQYIQ,0.04,2.318
1529,RRQWIQ,0.052,1.938
1530,EKQANQ,0.037,1.943
1531,ADQFWQ,0.052,1.964
1532,EGQYEQ,0.031,2.011
1533,VKQCEQ,0.051,1.73
1534,ELQFYQ,0.037,2.304
1535,WYQTFQ,0.045,1.945
1536,NSQFYQ,0.042,1.835
1537,KKQREQ,0.05,1.88
1538,IQQLFQ,0.081,3.945
1539,MEQLVQ,0.09,3.448
1540,CEQEVQ,0.118,3.999
1541,WLQQDQ,0.041,1.766
1542,KDQFVQ,0.035,1.992
1543,WNQCQQ,0.04,1.951
1544,HEQPRQ,0.033,2
1545,CEQGFQ,0.043,1.99
1546,SKQDPQ,0.034,2.108
1547,EDQIYQ,0.043,1.983
1548,YRQSQQ,0.033,1.973
1549,VLQDDQ,0.042,2.006
1550,VYQSPQ,0.036,2.197
1551,YYQCEQ,0.042,2.08
1552,IRQTQQ,0.033,1.973
1553,QYQGDQ,0.04,2.088
1554,HSQHPQ,0.042,1.912
1555,WRQNIQ,0.035,2.088
1556,YKQAFQ,0.042,1.922
1557,KPQWVQ,0.035,2.136
1558,IWQSDQ,0.045,1.855
1559,CDQQDQ,0.037,3.09
1560,CKQHVQ,0.046,1.859
1561,REQDDQ,0.03,2.107
1562,SSQPEQ,0.039,2.087
1563,IYQLGQ,0.062,1.332
1564,GYQAYQ,0.04,2.065
1565,EGQWYQ,0.039,1.824
1566,YEQMNQ,0.043,1.979
1567,EKQVDQ,0.039,1.83
1568,YFQLGQ,0.044,2.076
1569,EEQMYQ,0.042,2.026
1570,DNQRGQ,0.043,1.856
1571,QHQWFQ,0.043,2.056
1572,HPQHNQ,0.039,1.93
1573,WEQPRQ,0.044,1.819
1574,DFQTPQ,0.037,2.05
1575,LKQPNQ,0.043,2.055
1576,NTQPPQ,0.034,1.948
1577,VDQEYQ,0.06,1.399
1578,FHQTWQ,0.043,2.008
1579,SGQWWQ,0.04,2.013
1580,NDQNEQ,0.038,2.085
1581,QNQWGQ,0.042,1.967
1582,EDQPHQ,0.04,1.914
1583,GYQWYQ,0.044,1.914
1584,CYQPYQ,0.037,1.999
1585,QKQPYQ,0.047,1.96
1586,WHQGWQ,0.041,2.013
1587,GGQPYQ,0.04,1.794
1588,MPQPNQ,0.04,2.014
1589,FNQWEQ,0.044,1.879
1590,MRQWPQ,0.042,2.051
1591,GPQPNQ,0.045,1.939
1592,FHQWWQ,0.038,1.887
1593,FPQPYQ,0.556,4.231
